flight_no,flight_name,country,from,to,date,price,class
AW110189,Indigo,India,Bhubaneswar,Bangalore,18-09-2023,7509,Economy
AW110190,Indigo,India,Bhubaneswar,Bangalore,18-09-2024,7509,Economy
AW110191,Indigo,India,Bhubaneswar,Bangalore,18-09-2025,7509,Economy
AW110192,Indigo,India,Bhubaneswar,Bangalore,18-09-2026,7509,Economy
AW110193,Indigo,India,Bhubaneswar,Bangalore,18-09-2027,7509,Economy
AW110194,Indigo,India,Bhubaneswar,Bangalore,18-09-2028,7509,Economy
AW110195,Indigo,India,Bhubaneswar,Bangalore,18-09-2029,7509,Economy
AW110196,Indigo,India,Bhubaneswar,Bangalore,18-09-2030,7509,Economy
AW110197,Indigo,India,Bhubaneswar,Bangalore,18-09-2031,7509,Economy
AW110198,Indigo,India,Bhubaneswar,Bangalore,18-09-2032,7509,Economy
AW110199,Indigo,India,Bhubaneswar,Bangalore,18-09-2033,7509,Economy
AW110200,Indigo,India,Bhubaneswar,Bangalore,18-09-2034,7509,Economy
AW110201,Indigo,India,Bhubaneswar,Bangalore,18-09-2035,7509,Economy
AW110202,Indigo,India,Bhubaneswar,Bangalore,18-09-2036,7509,Economy
AW110203,Indigo,India,Bhubaneswar,Bangalore,18-09-2037,7509,Economy
AW110204,Indigo,India,Bhubaneswar,Bangalore,18-09-2038,7509,Economy
AW110205,Indigo,India,Bhubaneswar,Bangalore,18-09-2039,7509,Economy
AW110206,Indigo,India,Bhubaneswar,Bangalore,18-09-2040,7509,Economy
AW110207,Indigo,India,Bhubaneswar,Bangalore,18-09-2041,7509,Economy
AW110208,Indigo,India,Bhubaneswar,Bangalore,18-09-2042,7509,Economy
AW110209,Indigo,India,Bhubaneswar,Bangalore,18-09-2043,7509,Economy